source_file,base_id,type,question,links
file_1.xlsx,0,original,Есть ли денежная компенсация беременным в Тульской области?,"1.https://docs.cntd.ru/document/412300546
2.https://docs.cntd.ru/document/578192930"
file_1.xlsx,0,synthetic_new_unanswered,Какие документы необходимо предоставить для оформления денежной компенсации беременным в Тульской области?,"1.https://docs.cntd.ru/document/412300546
2.https://docs.cntd.ru/document/578192930"
file_1.xlsx,0,synthetic_new_unanswered,"Можно ли получить денежную компенсацию беременным женщинам, не зарегистрированным в Тульской области по месту жительства?","1.https://docs.cntd.ru/document/412300546
2.https://docs.cntd.ru/document/578192930"
file_1.xlsx,0,synthetic_new_unanswered,Какие сроки подачи заявления на получение денежной компенсации для беременных в Тульской области?,"1.https://docs.cntd.ru/document/412300546
2.https://docs.cntd.ru/document/578192930"
file_1.xlsx,0,synthetic_new_unanswered,"Могут ли беременные женщины получать компенсацию, если их доход превышает установленный лимит?","1.https://docs.cntd.ru/document/412300546
2.https://docs.cntd.ru/document/578192930"
file_1.xlsx,0,synthetic_new_unanswered,"Есть ли возможность оформить денежную компенсацию в случае, если беременность наступила за границей и женщина вернулась в Тульскую область?","1.https://docs.cntd.ru/document/412300546
2.https://docs.cntd.ru/document/578192930"
file_1.xlsx,1,original,Как оформить выплату на питание беременным женщинам?,"1.https://docs.cntd.ru/document/412300546
2.https://docs.cntd.ru/document/578192930"
file_1.xlsx,1,synthetic_new_unanswered,Какие сроки рассмотрения заявления на выплату для беременных женщин?,"1.https://docs.cntd.ru/document/412300546
2.https://docs.cntd.ru/document/578192930"
file_1.xlsx,1,synthetic_new_unanswered,Можно ли оформить выплату через онлайн-кабинет государственного портала без личного обращения?,"1.https://docs.cntd.ru/document/412300546
2.https://docs.cntd.ru/document/578192930"
file_1.xlsx,1,synthetic_new_unanswered,"Какие дополнительные документы могут потребоваться, если у беременной женщины есть временная регистрация по месту жительства?","1.https://docs.cntd.ru/document/412300546
2.https://docs.cntd.ru/document/578192930"
file_1.xlsx,1,synthetic_new_unanswered,"Можно ли получить выплату ранее предполагаемого срока родов, если есть медицинское заключение?","1.https://docs.cntd.ru/document/412300546
2.https://docs.cntd.ru/document/578192930"
file_1.xlsx,1,synthetic_new_unanswered,Каковы ограничения по доходам для получения выплаты беременным женщинам?,"1.https://docs.cntd.ru/document/412300546
2.https://docs.cntd.ru/document/578192930"
file_1.xlsx,2,original,"Какая сумма выплаты на ребенка рожденного в
г. Тула?","https://docs.cntd.ru/document/406448380
https://docs.cntd.ru/document/406448377"
file_1.xlsx,2,synthetic_new_unanswered,Какие документы необходимо предоставить для получения единовременной выплаты при рождении ребенка в Туле?,"https://docs.cntd.ru/document/406448380
https://docs.cntd.ru/document/406448377"
file_1.xlsx,2,synthetic_new_unanswered,Существует ли ограничение по возрасту родителей для получения выплаты при рождении ребенка в Туле?,"https://docs.cntd.ru/document/406448380
https://docs.cntd.ru/document/406448377"
file_1.xlsx,2,synthetic_new_unanswered,"Можно ли получить единовременную выплату при рождении ребенка, если регистрация родителей временная или не постоянная в Туле?","https://docs.cntd.ru/document/406448380
https://docs.cntd.ru/document/406448377"
file_1.xlsx,2,synthetic_new_unanswered,Как долго нужно подавать заявление на выплату после рождения ребенка в Туле?,"https://docs.cntd.ru/document/406448380
https://docs.cntd.ru/document/406448377"
file_1.xlsx,2,synthetic_new_unanswered,Есть ли разница в размере выплаты для жителей Тулы и других территорий Тульской области?,"https://docs.cntd.ru/document/406448380
https://docs.cntd.ru/document/406448377"
file_1.xlsx,3,original,"Какие документы необходимы для получения выплаты на 3го ребенка, который родился в г. Тула?",
file_1.xlsx,3,synthetic_new_unanswered,"Какие особенности оформления выплаты на третьего ребенка в Туле могут влиять на список документов, если один из родителей является иностранным гражданином?",
file_1.xlsx,3,synthetic_new_unanswered,"Можно ли получить выплату на третьего ребенка, если свидетельство о рождении было оформлено в другом регионе России, но гражданство ребенка – в Туле?",
file_1.xlsx,3,synthetic_new_unanswered,"Существуют ли дополнительные требования или документы для получения выплаты на третьего ребенка, если семья оформлена на официальном месте работы в Туле?",
file_1.xlsx,3,synthetic_new_unanswered,"Какие сроки подачи документов для получения выплаты на третьего ребенка, родившегося в Туле, и есть ли ограничения по времени после рождения?",
file_1.xlsx,3,synthetic_new_unanswered,"Можно ли подать заявление на выплату через онлайн-сервис, если мама и папа проживают в Туле, но прописаны в других регионах?",
file_1.xlsx,4,original,Кому положен материнский (семейный) капитал в Тульской области?,https://docs.cntd.ru/document/407577120
file_1.xlsx,4,synthetic_new_unanswered,Какие документы необходимо предоставить для подтверждения права на материнский капитал в Тульской области?,https://docs.cntd.ru/document/407577120
file_1.xlsx,4,synthetic_new_unanswered,"Можно ли получить маткапитал на второго ребёнка, если он появился после 2012 года, но за ним еще не оформлено право?",https://docs.cntd.ru/document/407577120
file_1.xlsx,4,synthetic_new_unanswered,"В каких случаях право на материнский капитал указывается автоматически, и нужно ли подавать заявление?",https://docs.cntd.ru/document/407577120
file_1.xlsx,4,synthetic_new_unanswered,"Можно ли оформить маткапитал, если ребенок был усыновлен в другом регионе, но проживает в Тульской области?",https://docs.cntd.ru/document/407577120
file_1.xlsx,4,synthetic_new_unanswered,"Какие ограничения по возрасту у детей, рожденных или усыновленных после 2012 года, чтобы их родители могли претендовать на маткапитал?",https://docs.cntd.ru/document/407577120
file_1.xlsx,5,original,Какова сумма материнского (семейного) капитала?,https://docs.cntd.ru/document/407577120
file_1.xlsx,5,synthetic_new_unanswered,Как изменение законодательства повлияло на размер материнского капитала в Тульской области в 2023 году?,https://docs.cntd.ru/document/407577120
file_1.xlsx,5,synthetic_new_unanswered,"Можно ли использовать материнский капитал для оплаты обучения детей, и какова сумма, доступная для этой цели?",https://docs.cntd.ru/document/407577120
file_1.xlsx,5,synthetic_new_unanswered,Какой срок действует право на получение регионального материнского капитала после рождения третьего ребенка?,https://docs.cntd.ru/document/407577120
file_1.xlsx,5,synthetic_new_unanswered,Влияет ли семейное положение или наличие других детей на размер материнского капитала в Тульской области?,https://docs.cntd.ru/document/407577120
file_1.xlsx,5,synthetic_new_unanswered,Какие дополнительные условия нужно выполнить для получения регионального материнского капитала сверх установленных требований?,https://docs.cntd.ru/document/407577120
file_1.xlsx,6,original,На какие цели можно использовать материнский (семейный) капитал?,https://docs.cntd.ru/document/407577120
file_1.xlsx,6,synthetic_new_unanswered,"Можно ли использовать материнский капитал для оплаты расходов по договорам долевого участия в строительстве жилья, если строительство еще не завершено?",https://docs.cntd.ru/document/407577120
file_1.xlsx,6,synthetic_new_unanswered,Каковы ограничения по срокам использования средств материнского капитала для реконструкции жилья?,https://docs.cntd.ru/document/407577120
file_1.xlsx,6,synthetic_new_unanswered,Можно ли направить материнский капитал на оплату обучения детей в частных образовательных учреждениях?,https://docs.cntd.ru/document/407577120
file_1.xlsx,6,synthetic_new_unanswered,"В каких случаях средства материнского капитала можно использовать для покупки автотранспортных средств, изготовленных за рубежом?",https://docs.cntd.ru/document/407577120
file_1.xlsx,6,synthetic_new_unanswered,Можно ли использовать материнский капитал для улучшения жилищных условий в случае раздела имущества после развода?,https://docs.cntd.ru/document/407577120
file_1.xlsx,7,original,Где можно оформить ежемесячную денежную компенсацию на питание ребенку (до трех лет),"1.https://docs.cntd.ru/document/412300546
2.https://docs.cntd.ru/document/578192930
"
file_1.xlsx,7,synthetic_new_unanswered,Какие документы необходимо подготовить для оформления ежемесячной денежной компенсации на питание ребенка до трех лет?,"1.https://docs.cntd.ru/document/412300546
2.https://docs.cntd.ru/document/578192930
"
file_1.xlsx,7,synthetic_new_unanswered,"Можно ли оформить компенсацию на питание ребенка, если семья уже получает другие социальные выплаты?","1.https://docs.cntd.ru/document/412300546
2.https://docs.cntd.ru/document/578192930
"
file_1.xlsx,7,synthetic_new_unanswered,Как долго рассматривается заявление на получение ежемесячной денежной компенсации и как узнать о результате?,"1.https://docs.cntd.ru/document/412300546
2.https://docs.cntd.ru/document/578192930
"
file_1.xlsx,7,synthetic_new_unanswered,"Можно ли оформить выплату для ребенка, проживающего в сельской местности или в отдаленном районе Тульской области?","1.https://docs.cntd.ru/document/412300546
2.https://docs.cntd.ru/document/578192930
"
file_1.xlsx,7,synthetic_new_unanswered,"Какие ограничения по доходам есть для получения компенсации, и действует ли это правило, если в семье есть другие дети?","1.https://docs.cntd.ru/document/412300546
2.https://docs.cntd.ru/document/578192930
"
file_1.xlsx,8,original,Какие выплаты есть для мамы-студентки?,https://docs.cntd.ru/document/406448380
file_1.xlsx,8,synthetic_new_unanswered,"Какие дополнительные условия нужно выполнить, чтобы мама-студентка могла получить данную выплату?",https://docs.cntd.ru/document/406448380
file_1.xlsx,8,synthetic_new_unanswered,"Можно ли получить такую выплату, если мама-студентка обучается на заочной форме?",https://docs.cntd.ru/document/406448380
file_1.xlsx,8,synthetic_new_unanswered,Существуют ли ограничения по возрасту ребенка для получения этой выплаты?,https://docs.cntd.ru/document/406448380
file_1.xlsx,8,synthetic_new_unanswered,Как долго после рождения ребенка можно обратиться за этой выплатой?,https://docs.cntd.ru/document/406448380
file_1.xlsx,8,synthetic_new_unanswered,"Можно ли оформить такую выплату, если ребенок уже родился несколько месяцев назад?",https://docs.cntd.ru/document/406448380
file_1.xlsx,9,original,Какие документы необходимы для оформления выплаты родителю-студенту при рождении ребенка Тульской области?,https://docs.cntd.ru/document/406448380
file_1.xlsx,9,synthetic_new_unanswered,Какие сроки оформления выплаты родителю-студенту после подачи всех необходимых документов в Тульской области?,https://docs.cntd.ru/document/406448380
file_1.xlsx,9,synthetic_new_unanswered,Можно ли подать заявление на выплату через электронный портал или необходимо обращаться лично?,https://docs.cntd.ru/document/406448380
file_1.xlsx,9,synthetic_new_unanswered,"Какие особенности оформления выплаты для студентов-заочников или студентов, обучающихся дистанционно?",https://docs.cntd.ru/document/406448380
file_1.xlsx,9,synthetic_new_unanswered,"Можно ли получить выплату, если один из родителей является студентом, обучающимся в другом регионе России?",https://docs.cntd.ru/document/406448380
file_1.xlsx,9,synthetic_new_unanswered,"Какие дополнительные документы требуются, если родитель является студентом-иностранцем, обучающимся в России?",https://docs.cntd.ru/document/406448380
file_1.xlsx,10,original,"Кто может получить выплату в 1 млн. рублей, при рождении ребенка до 25 летна территории Тульской области?",http://publication.pravo.gov.ru/document/7100202503070002
file_1.xlsx,10,synthetic_new_unanswered,Каковы условия для получения выплаты в 1 млн рублей при рождении второго ребенка в Тульской области?,http://publication.pravo.gov.ru/document/7100202503070002
file_1.xlsx,10,synthetic_new_unanswered,"Можно ли претендовать на данную выплату, если мама уже получила аналогичную поддержку при рождении первого ребенка?",http://publication.pravo.gov.ru/document/7100202503070002
file_1.xlsx,10,synthetic_new_unanswered,"Какой возраст мамы должен быть на день рождения ребенка, чтобы иметь право на эту выплату?",http://publication.pravo.gov.ru/document/7100202503070002
file_1.xlsx,10,synthetic_new_unanswered,"Дифференцируют ли условия выплаты для детей, рожденных в 2025 году и в 2026 году?",http://publication.pravo.gov.ru/document/7100202503070002
file_1.xlsx,10,synthetic_new_unanswered,"Можно ли получить данную выплату, если ребенок рожден в результате суррогатного материнства?",http://publication.pravo.gov.ru/document/7100202503070002
file_1.xlsx,11,original,Куда необходимо обратиться для получения выплаты в 1млн. рублей на третьего ребенка в Тульской области?,http://publication.pravo.gov.ru/document/7100202503070002
file_1.xlsx,11,synthetic_new_unanswered,Какие документы нужно подготовить для оформления выплаты 1 млн рублей на третьего ребенка в Тульской области?,http://publication.pravo.gov.ru/document/7100202503070002
file_1.xlsx,11,synthetic_new_unanswered,Можно ли подать заявку на единовременные выплаты через онлайн-портал Госуслуги или только при личном посещении управлении соцзащиты?,http://publication.pravo.gov.ru/document/7100202503070002
file_1.xlsx,11,synthetic_new_unanswered,Какой срок рассмотрения и утверждения заявления о выплате на третьего ребенка в Тульской области?,http://publication.pravo.gov.ru/document/7100202503070002
file_1.xlsx,11,synthetic_new_unanswered,Есть ли ограничения по возрасту ребенка или по доходам семьи при получении этой выплаты?,http://publication.pravo.gov.ru/document/7100202503070002
file_1.xlsx,11,synthetic_new_unanswered,"Можно ли оформить данную выплату, если семья уже получала подобную материальную помощь по другим программам региона?",http://publication.pravo.gov.ru/document/7100202503070002
file_1.xlsx,12,original,Можно ли потратить 1 млн. рублей за 2 ребенка на ипотеку в тульской области?,
file_1.xlsx,12,synthetic_new_unanswered,"Можно ли использовать 1 млн рублей, полученные в виде единовременной выплаты, для покупки земли в Тульской области на строительство жилья?",
file_1.xlsx,12,synthetic_new_unanswered,При каких условиях можно потратить 1 млн рублей на оплату образовательных программ для ребенка за пределами Тульской области?,
file_1.xlsx,12,synthetic_new_unanswered,"Можно ли направить 1 млн рублей на реконструкцию жилого помеществия, если оно находится в пригороде Тульской области?",
file_1.xlsx,12,synthetic_new_unanswered,"В каком случае средства от выплаты можно использовать для оплаты медицинских услуг, связанных с лечением хронических заболеваний ребенка?",
file_1.xlsx,12,synthetic_new_unanswered,"Можно ли получить выплату и потратить её на покрытие расходов по ипотеке на имущество, приобретенное после получения выплаты, если ипотека оформлена после получения средств?",
file_1.xlsx,13,original,Есть ли выплата в г. Венев на детей при рождении?,https://base.garant.ru/48863548/
file_1.xlsx,13,synthetic_new_unanswered,Какие документы нужно предоставить для оформления выплаты при рождении первого ребенка в Веневе?,https://base.garant.ru/48863548/
file_1.xlsx,13,synthetic_new_unanswered,"Можно ли получить выплату, если женщина не зарегистрирована по месту жительства в Веневе, но родила там первого ребенка?",https://base.garant.ru/48863548/
file_1.xlsx,13,synthetic_new_unanswered,Какие сроки подачи заявления на выплату при рождении ребенка в Веневе?,https://base.garant.ru/48863548/
file_1.xlsx,13,synthetic_new_unanswered,Предоставляется ли выплата при рождении второго ребенка или только при первом?,https://base.garant.ru/48863548/
file_1.xlsx,13,synthetic_new_unanswered,Изменились ли условия получения выплаты при рождении ребенка в Веневе за последние годы?,https://base.garant.ru/48863548/
file_1.xlsx,14,original,Есть ли выплата в г. Плавск на детей при рождении?,https://base.garant.ru/48850244/
file_1.xlsx,14,synthetic_new_unanswered,Какие документы необходимо предоставить для оформления выплаты при рождении первого ребенка в Плавске?,https://base.garant.ru/48850244/
file_1.xlsx,14,synthetic_new_unanswered,"Можно ли получить данную выплату, если женщина достигла возраста 25 лет на день рождения ребенка?",https://base.garant.ru/48850244/
file_1.xlsx,14,synthetic_new_unanswered,Как долго рассматривается заявление на единовременную выплату при рождении ребенка в Плавске?,https://base.garant.ru/48850244/
file_1.xlsx,14,synthetic_new_unanswered,Есть ли ограничения по месту регистрации для получения выплаты при рождении ребенка в Плавске?,https://base.garant.ru/48850244/
file_1.xlsx,14,synthetic_new_unanswered,Можно ли подать заявление на выплату онлайн или только при личном обращении в органы социальной защиты населения?,https://base.garant.ru/48850244/
file_1.xlsx,15,original,"Родился второй ребенок , нужна коляска, можете помочь?",http://publication.pravo.gov.ru/document/7101202501170001
file_1.xlsx,15,synthetic_new_unanswered,"Какие документы необходимо подготовить, если ребенок родился недавно, и я хочу получить предметы первой необходимости через программу проката?",http://publication.pravo.gov.ru/document/7101202501170001
file_1.xlsx,15,synthetic_new_unanswered,"Можно ли воспользоваться услугой проката предметов первой необходимости, если я являюсь временно зарегистрированным на территории Тульской области?",http://publication.pravo.gov.ru/document/7101202501170001
file_1.xlsx,15,synthetic_new_unanswered,Как долго длится процесс выдачи предметов первой необходимости для новорожденного после подачи всех необходимых документов?,http://publication.pravo.gov.ru/document/7101202501170001
file_1.xlsx,15,synthetic_new_unanswered,"Можно ли оформить временное пользование коляской через программу проката, если семья проживает в другом регионе, но зарегистрирована в Тульской области?",http://publication.pravo.gov.ru/document/7101202501170001
file_1.xlsx,15,synthetic_new_unanswered,Какие ограничения по возрасту у детей для получения предметов первой необходимости в рамках этого пункта проката?,http://publication.pravo.gov.ru/document/7101202501170001
file_1.xlsx,16,original,Есть ли выплаты за рождение ребенка в Тульском регионе?,"https://docs.cntd.ru/document/406448380
https://docs.cntd.ru/document/406448377"
file_1.xlsx,16,synthetic_new_unanswered,Какие документы необходимы для оформления выплаты при рождении ребенка в Тульской области?,"https://docs.cntd.ru/document/406448380
https://docs.cntd.ru/document/406448377"
file_1.xlsx,16,synthetic_new_unanswered,Можно ли получить выплату за рождение ребенка при наличии другого детей в семье?,"https://docs.cntd.ru/document/406448380
https://docs.cntd.ru/document/406448377"
file_1.xlsx,16,synthetic_new_unanswered,Существуют ли ограничения по доходу для получения выплаты за рождение в Тульском регионе?,"https://docs.cntd.ru/document/406448380
https://docs.cntd.ru/document/406448377"
file_1.xlsx,16,synthetic_new_unanswered,Через какой срок после рождения ребенка можно оформить выплату в Тульской области?,"https://docs.cntd.ru/document/406448380
https://docs.cntd.ru/document/406448377"
file_1.xlsx,16,synthetic_new_unanswered,"Могут ли оформить выплату в Тульской области родители, проживающие за пределами региона?","https://docs.cntd.ru/document/406448380
https://docs.cntd.ru/document/406448377"
file_1.xlsx,17,original,"Какая сумма выплаты будет, если родилась двойня на территории Тульской области?","https://docs.cntd.ru/document/406448380
https://docs.cntd.ru/document/406448377"
file_1.xlsx,17,synthetic_new_unanswered,Какие дополнительные выплаты или пособия положены при рождении двойни в Тульской области?,"https://docs.cntd.ru/document/406448380
https://docs.cntd.ru/document/406448377"
file_1.xlsx,17,synthetic_new_unanswered,"Можно ли получить государственную поддержку при рождении двойни, если один из родителей является безработным?","https://docs.cntd.ru/document/406448380
https://docs.cntd.ru/document/406448377"
file_1.xlsx,17,synthetic_new_unanswered,"Какие документы необходимо предоставить для оформления единовременной выплаты на двух детей, рожденных одновременно в Тульской области?","https://docs.cntd.ru/document/406448380
https://docs.cntd.ru/document/406448377"
file_1.xlsx,17,synthetic_new_unanswered,Существуют ли ограничения по возрасту родителей для получения выплаты при рождении двойни в Тульской области?,"https://docs.cntd.ru/document/406448380
https://docs.cntd.ru/document/406448377"
file_1.xlsx,17,synthetic_new_unanswered,"Как изменятся условия выплаты, если один из родителей является инвалидом или имеет иные особые обстоятельства?","https://docs.cntd.ru/document/406448380
https://docs.cntd.ru/document/406448377"
file_1.xlsx,18,original,"Мне отказали в выплате 25 000 за рождение ребенка на территории Тульской области, т.к. ребенок родился 8 месяцев назад.

","https://docs.cntd.ru/document/406448380
https://docs.cntd.ru/document/406448377
"
file_1.xlsx,18,synthetic_new_unanswered,"Можно ли подать заявление на эту выплату, если прошло больше шести месяцев со дня рождения ребенка, и какие документы для этого потребуются?","https://docs.cntd.ru/document/406448380
https://docs.cntd.ru/document/406448377
"
file_1.xlsx,18,synthetic_new_unanswered,Есть ли возможность оспорить отказ в выплате через суд или иной порядок?,"https://docs.cntd.ru/document/406448380
https://docs.cntd.ru/document/406448377
"
file_1.xlsx,18,synthetic_new_unanswered,"Можно ли получить компенсацию или помощь другим образом, если срок подачи заявления истёк?","https://docs.cntd.ru/document/406448380
https://docs.cntd.ru/document/406448377
"
file_1.xlsx,18,synthetic_new_unanswered,Какие причины могут быть основанием для рассмотрения заявления после установленного срока?,"https://docs.cntd.ru/document/406448380
https://docs.cntd.ru/document/406448377
"
file_1.xlsx,18,synthetic_new_unanswered,"Облагается ли эта выплата налогами или существует ли какая-либо категория граждан, которой полагается повышенная выплата?","https://docs.cntd.ru/document/406448380
https://docs.cntd.ru/document/406448377
"
file_1.xlsx,19,original,Какие документы необходимы? на получение 25 000 при рождении ребенка?,"https://docs.cntd.ru/document/406448380
https://docs.cntd.ru/document/406448377
"
file_1.xlsx,19,synthetic_new_unanswered,"Какие документы требуются, если ребенок был рожден за пределами Тульской области, но родители хотят оформить выплату по месту регистрации?","https://docs.cntd.ru/document/406448380
https://docs.cntd.ru/document/406448377
"
file_1.xlsx,19,synthetic_new_unanswered,Можно ли оформить выплату 25 000 рублей при рождении ребенка через электронные сервисы или только лично в органы соцзащиты?,"https://docs.cntd.ru/document/406448380
https://docs.cntd.ru/document/406448377
"
file_1.xlsx,19,synthetic_new_unanswered,Сколько времени займёт процедура получения выплаты после подачи всех необходимых документов?,"https://docs.cntd.ru/document/406448380
https://docs.cntd.ru/document/406448377
"
file_1.xlsx,19,synthetic_new_unanswered,"Можно ли подать заявление на получение выплаты, если один из родителей временно отсутствует на территории России?","https://docs.cntd.ru/document/406448380
https://docs.cntd.ru/document/406448377
"
file_1.xlsx,19,synthetic_new_unanswered,"Какие альтернативные документы можно предоставить, если у заявителя или ребенка нет свидетельства о рождении?","https://docs.cntd.ru/document/406448380
https://docs.cntd.ru/document/406448377
"
file_1.xlsx,20,original,nan,
file_1.xlsx,20,synthetic_new_unanswered,Какие документы нужны для оформления регистрации в жилом помещении?,
file_1.xlsx,20,synthetic_new_unanswered,Сколько времени занимает процедура смены прописки в паспортном столе?,
file_1.xlsx,20,synthetic_new_unanswered,"Можно ли зарегистрироваться по месту временного проживания, если у меня нет собственности на жильё?",
file_1.xlsx,20,synthetic_new_unanswered,Какое минимальное количество документов необходимо для оформления постоянной прописки для иностранного гражданина?,
file_1.xlsx,20,synthetic_new_unanswered,Какие ограничения существуют по возрасту для регистрации по месту жительства?,
file_2.xlsx,0,original,Где узнать перечень прививок для ребенка?,приказ министерства здравоохранения РФ от 06.12.2021г. №1122н https://normativ.kontur.ru/document?moduleId=1&documentId=475217
file_2.xlsx,0,synthetic_new_unanswered,Какие источники информации о необходимых прививках для ребенка можно использовать в интернете?,приказ министерства здравоохранения РФ от 06.12.2021г. №1122н https://normativ.kontur.ru/document?moduleId=1&documentId=475217
file_2.xlsx,0,synthetic_new_unanswered,Как часто обновляется перечень обязательных прививок для детей в РФ?,приказ министерства здравоохранения РФ от 06.12.2021г. №1122н https://normativ.kontur.ru/document?moduleId=1&documentId=475217
file_2.xlsx,0,synthetic_new_unanswered,Можно ли получить индивидуальный график вакцинации для ребенка в зависимости от его состояния здоровья?,приказ министерства здравоохранения РФ от 06.12.2021г. №1122н https://normativ.kontur.ru/document?moduleId=1&documentId=475217
file_2.xlsx,0,synthetic_new_unanswered,Где можно узнать о возможных противопоказаниях к определённым прививкам для ребенка?,приказ министерства здравоохранения РФ от 06.12.2021г. №1122н https://normativ.kontur.ru/document?moduleId=1&documentId=475217
file_2.xlsx,0,synthetic_new_unanswered,"Как получить консультацию по поводу прививок, если у ребенка есть хронические заболевания?",приказ министерства здравоохранения РФ от 06.12.2021г. №1122н https://normativ.kontur.ru/document?moduleId=1&documentId=475217
file_2.xlsx,1,original,Какие исследования необходимо пройти ребенку в первый год жизни?,приказ министерства здравоохранения РФ от 10.08.2017г. №514н https://normativ.kontur.ru/document?moduleId=1&documentId=345500
file_2.xlsx,1,synthetic_new_unanswered,Какие дополнительные обследования могут понадобиться ребенку в первый год жизни при наличии родовых травм?,приказ министерства здравоохранения РФ от 10.08.2017г. №514н https://normativ.kontur.ru/document?moduleId=1&documentId=345500
file_2.xlsx,1,synthetic_new_unanswered,Можно ли пройти дополнительные генетические тесты по рекомендации педиатра в первый год?,приказ министерства здравоохранения РФ от 10.08.2017г. №514н https://normativ.kontur.ru/document?moduleId=1&documentId=345500
file_2.xlsx,1,synthetic_new_unanswered,Какие исследования следует делать малышам с предрасположенностью к аллергиям во время первого года?,приказ министерства здравоохранения РФ от 10.08.2017г. №514н https://normativ.kontur.ru/document?moduleId=1&documentId=345500
file_2.xlsx,1,synthetic_new_unanswered,Когда лучше всего делать повторные ультразвуковые исследования органов брюшной полости у детей первого года жизни?,приказ министерства здравоохранения РФ от 10.08.2017г. №514н https://normativ.kontur.ru/document?moduleId=1&documentId=345500
file_2.xlsx,1,synthetic_new_unanswered,"Какие исследования рекомендуется пройти ребенку, если в семье есть случаи наследственных заболеваний?",приказ министерства здравоохранения РФ от 10.08.2017г. №514н https://normativ.kontur.ru/document?moduleId=1&documentId=345500
file_2.xlsx,2,original,Почему дети до года должны проходить профилактический осмотр в определенный день недели (грудничковый день)?,приказ министерства здравоохранения РФ от 07.03.2018 N 92н    https://base.garant.ru/71925984/
file_2.xlsx,2,synthetic_new_unanswered,Как часто проходят профилактические осмотры для детей до года в рамках грудничкового дня?,приказ министерства здравоохранения РФ от 07.03.2018 N 92н    https://base.garant.ru/71925984/
file_2.xlsx,2,synthetic_new_unanswered,"Можно ли пройти профилактический осмотр в любой день, если ребёнок пропустил грудничковый день?",приказ министерства здравоохранения РФ от 07.03.2018 N 92н    https://base.garant.ru/71925984/
file_2.xlsx,2,synthetic_new_unanswered,Какие меры принимаются для соблюдения санитарных требований во время грудничкового дня?,приказ министерства здравоохранения РФ от 07.03.2018 N 92н    https://base.garant.ru/71925984/
file_2.xlsx,2,synthetic_new_unanswered,Обязателен ли предварительный запис на осмотр в этот день или можно прийти без записи?,приказ министерства здравоохранения РФ от 07.03.2018 N 92н    https://base.garant.ru/71925984/
file_2.xlsx,2,synthetic_new_unanswered,Какой возраст детей подлежит обязательному прохождению профилактических осмотров в рамках грудничкового дня?,приказ министерства здравоохранения РФ от 07.03.2018 N 92н    https://base.garant.ru/71925984/
file_2.xlsx,3,original,"Как записать ребенка к дерматологу, если в нашей поликлинике нет такого врача?",
file_2.xlsx,3,synthetic_new_unanswered,Какие документы нужно подготовить для получения направления к дерматологу для моего ребенка?,
file_2.xlsx,3,synthetic_new_unanswered,"Можно ли записаться к дерматологу через интернет, если в нашей поликлинике нет такого специалиста?",
file_2.xlsx,3,synthetic_new_unanswered,"Как быстро можно получить направление к дерматологу, если его в нашей поликлинике нет?",
file_2.xlsx,3,synthetic_new_unanswered,"Есть ли альтернативные способы консультации дерматолога для ребенка, если в ближайшей поликлинике его нет?",
file_2.xlsx,3,synthetic_new_unanswered,Можно ли выбирать конкретного дерматолога в ГУЗ «Тульский областной кожно-венерологический диспансер» при направлении?,
file_2.xlsx,4,original,"Кто может осмотреть ребенка, если участковый врач-педиатр на больничном/в отпуске?",
file_2.xlsx,4,synthetic_new_unanswered,"Если участковый врач-педиатр временно недоступен, как можно ускорить получение медицинской помощи ребенку в экстренной ситуации?",
file_2.xlsx,4,synthetic_new_unanswered,"Можно ли проводить осмотр ребенка врачом из другой поликлиники, не прикреплённым к месту жительства, если участковый врач отсутствует?",
file_2.xlsx,4,synthetic_new_unanswered,"Как долго может длиться вынужденное отсутствие участкового врача, прежде чем потребуется обращаться к другому специалисту?",
file_2.xlsx,4,synthetic_new_unanswered,Какие документы необходимы врачу для осмотра ребенка в случае отсутствия его постоянного участкового врача?,
file_2.xlsx,4,synthetic_new_unanswered,"Можно ли получить медицинскую консультацию для ребенка по видеосвязи, если участковый врач в отпуске или на больничном?",
file_2.xlsx,5,original,Как пройти исследования ребенку? Где получить результаты исследований?,приказ министерства здравоохранения РФ от 10.08.2017г. №514н  https://normativ.kontur.ru/document?moduleId=1&documentId=345500
file_2.xlsx,5,synthetic_new_unanswered,Какие сроки проведения профилактических осмотров и исследований для детей установлены законодательством?,приказ министерства здравоохранения РФ от 10.08.2017г. №514н  https://normativ.kontur.ru/document?moduleId=1&documentId=345500
file_2.xlsx,5,synthetic_new_unanswered,"Можно ли получить результаты исследований ребенка через электронные сервисы, если да, то как это сделать?",приказ министерства здравоохранения РФ от 10.08.2017г. №514н  https://normativ.kontur.ru/document?moduleId=1&documentId=345500
file_2.xlsx,5,synthetic_new_unanswered,Какие дополнительные обследования могут назначить ребенку врачи в случае обнаружения отклонений или симптомов?,приказ министерства здравоохранения РФ от 10.08.2017г. №514н  https://normativ.kontur.ru/document?moduleId=1&documentId=345500
file_2.xlsx,5,synthetic_new_unanswered,Можно ли провести исследования ребенка в частной клинике и получить результаты через государственный портал?,приказ министерства здравоохранения РФ от 10.08.2017г. №514н  https://normativ.kontur.ru/document?moduleId=1&documentId=345500
file_2.xlsx,5,synthetic_new_unanswered,Какие документы понадобятся для получения результатов исследований в медицинском учреждении?,приказ министерства здравоохранения РФ от 10.08.2017г. №514н  https://normativ.kontur.ru/document?moduleId=1&documentId=345500
file_2.xlsx,6,original,"Почему я не могу узнать результаты исследований по телефону, без посещения врача?",Федеральный закон от 21.11.2011г. № 323-ФЗ  https://normativ.kontur.ru/document?moduleId=1&documentId=490072
file_2.xlsx,6,synthetic_new_unanswered,"Можно ли получить результаты медицинских исследований по телефону, если я сам лично подтвержу свою личность?",Федеральный закон от 21.11.2011г. № 323-ФЗ  https://normativ.kontur.ru/document?moduleId=1&documentId=490072
file_2.xlsx,6,synthetic_new_unanswered,Как долго я могу ждать получения результатов исследований без необходимости посещения врача?,Федеральный закон от 21.11.2011г. № 323-ФЗ  https://normativ.kontur.ru/document?moduleId=1&documentId=490072
file_2.xlsx,6,synthetic_new_unanswered,Можно ли запросить копии своих медицинских исследований через интернет или по электронной почте?,Федеральный закон от 21.11.2011г. № 323-ФЗ  https://normativ.kontur.ru/document?moduleId=1&documentId=490072
file_2.xlsx,6,synthetic_new_unanswered,"Какие документы мне нужно предоставить, чтобы получить доступ к результатам исследований без визита в клинику?",Федеральный закон от 21.11.2011г. № 323-ФЗ  https://normativ.kontur.ru/document?moduleId=1&documentId=490072
file_2.xlsx,6,synthetic_new_unanswered,"Правомерна ли просьба о получении результатов исследований через чат или мессенджеры, соблюдая конфиденциальность данных?",Федеральный закон от 21.11.2011г. № 323-ФЗ  https://normativ.kontur.ru/document?moduleId=1&documentId=490072
file_2.xlsx,7,original,Зачем ежемесячно посещать врача ребенку до года?,приказ министерства здравоохранения РФ от 10.08.2017г. №514н  https://normativ.kontur.ru/document?moduleId=1&documentId=345500
file_2.xlsx,7,synthetic_new_unanswered,Как часто должны проходить профилактические осмотры малыша после года и до какого возраста?,приказ министерства здравоохранения РФ от 10.08.2017г. №514н  https://normativ.kontur.ru/document?moduleId=1&documentId=345500
file_2.xlsx,7,synthetic_new_unanswered,"Можно ли пропускать ежемесячные осмотры, если ребёнок кажется здоровым?",приказ министерства здравоохранения РФ от 10.08.2017г. №514н  https://normativ.kontur.ru/document?moduleId=1&documentId=345500
file_2.xlsx,7,synthetic_new_unanswered,Какие основные показатели врачи оценивают на каждом профилактическом осмотре ребенка до года?,приказ министерства здравоохранения РФ от 10.08.2017г. №514н  https://normativ.kontur.ru/document?moduleId=1&documentId=345500
file_2.xlsx,7,synthetic_new_unanswered,Какие профилактические меры рекомендуются во время первых месяцев жизни для предупреждения заболеваний?,приказ министерства здравоохранения РФ от 10.08.2017г. №514н  https://normativ.kontur.ru/document?moduleId=1&documentId=345500
file_2.xlsx,7,synthetic_new_unanswered,Какой период после каждого осмотра требует обращения к врачу в случае возникновения подозрительных симптомов у ребенка?,приказ министерства здравоохранения РФ от 10.08.2017г. №514н  https://normativ.kontur.ru/document?moduleId=1&documentId=345500
file_2.xlsx,8,original,"Как закрыть больничный ребенку, если врач, который его открыл отсутствует/недоступен для записи?",
file_2.xlsx,8,synthetic_new_unanswered,Какие документы понадобятся для закрытия больничного ребенка при отсутствии его личного врача?,
file_2.xlsx,8,synthetic_new_unanswered,"Можно ли закрыть больничный ребенка в другом медучреждении, если его личный врач недоступен?",
file_2.xlsx,8,synthetic_new_unanswered,"Каков порядок закрытия больничного у ребенка, если его терапевт отсутствует на рабочем месте?",
file_2.xlsx,8,synthetic_new_unanswered,"Сколько времени занимает процесс закрытия больничного, если изначальный врач недоступен?",
file_2.xlsx,8,synthetic_new_unanswered,"Можно ли обратиться за закрытием больничного к врачу частной клиники, если поликлиника недоступна?",
file_2.xlsx,9,original,Что делать если ребенок упал двухмесячный ребенок?,"Клинические рекомендации – Черепно-мозговая травма у детей –
2022-2023-2024 (30.09.2022) – Утверждены Минздравом   https://legalacts.ru/doc/klinicheskie-rekomendatsii-cherepno-mozgovaja-travma-u-detei-utv-minzdravom-rossii/"
file_2.xlsx,9,synthetic_new_unanswered,"Что следует делать, если ребенок упал с высоты, например, с дивана или кровати?","Клинические рекомендации – Черепно-мозговая травма у детей –
2022-2023-2024 (30.09.2022) – Утверждены Минздравом   https://legalacts.ru/doc/klinicheskie-rekomendatsii-cherepno-mozgovaja-travma-u-detei-utv-minzdravom-rossii/"
file_2.xlsx,9,synthetic_new_unanswered,Можно ли дать новорожденному ребенку какие-либо лекарства или средства после падения без консультации врача?,"Клинические рекомендации – Черепно-мозговая травма у детей –
2022-2023-2024 (30.09.2022) – Утверждены Минздравом   https://legalacts.ru/doc/klinicheskie-rekomendatsii-cherepno-mozgovaja-travma-u-detei-utv-minzdravom-rossii/"
file_2.xlsx,9,synthetic_new_unanswered,"Через какое время после падения необходимо обратиться к врачу, если признаки травмы не проявляются сразу?","Клинические рекомендации – Черепно-мозговая травма у детей –
2022-2023-2024 (30.09.2022) – Утверждены Минздравом   https://legalacts.ru/doc/klinicheskie-rekomendatsii-cherepno-mozgovaja-travma-u-detei-utv-minzdravom-rossii/"
file_2.xlsx,9,synthetic_new_unanswered,Какие признаки требуют срочной госпитализации у двухмесячного ребенка после падения?,"Клинические рекомендации – Черепно-мозговая травма у детей –
2022-2023-2024 (30.09.2022) – Утверждены Минздравом   https://legalacts.ru/doc/klinicheskie-rekomendatsii-cherepno-mozgovaja-travma-u-detei-utv-minzdravom-rossii/"
file_2.xlsx,9,synthetic_new_unanswered,"Что делать, если ребенок плачет и проявляет признаки сильной боли после падения, но внешние повреждения не видны?","Клинические рекомендации – Черепно-мозговая травма у детей –
2022-2023-2024 (30.09.2022) – Утверждены Минздравом   https://legalacts.ru/doc/klinicheskie-rekomendatsii-cherepno-mozgovaja-travma-u-detei-utv-minzdravom-rossii/"
file_2.xlsx,10,original,При какой температуре нужно вызвать скорую помощь шестимесячному ребенку?,Клинические рекомендации (протокол) по оказанию скорой медицинской помощи при острой лихорадке у детей   https://pediatr-club.ru/upload/iblock/aed/5vw7zdonny431gb1bfcr0orm5bxc0l05.pdf
file_2.xlsx,10,synthetic_new_unanswered,"Как правило, при какой температуре у ребенка необходимо немедленно вызвать врача, если есть сопутствующие симптомы?",Клинические рекомендации (протокол) по оказанию скорой медицинской помощи при острой лихорадке у детей   https://pediatr-club.ru/upload/iblock/aed/5vw7zdonny431gb1bfcr0orm5bxc0l05.pdf
file_2.xlsx,10,synthetic_new_unanswered,"Можно ли ждать повышения температуры до 40 градусов у шестимесячного ребенка, прежде чем обращаться за неотложной помощью?",Клинические рекомендации (протокол) по оказанию скорой медицинской помощи при острой лихорадке у детей   https://pediatr-club.ru/upload/iblock/aed/5vw7zdonny431gb1bfcr0orm5bxc0l05.pdf
file_2.xlsx,10,synthetic_new_unanswered,Какие дополнительные признаки у ребенка могут указывать на необходимость вызова скорой помощи при снижении температуры?,Клинические рекомендации (протокол) по оказанию скорой медицинской помощи при острой лихорадке у детей   https://pediatr-club.ru/upload/iblock/aed/5vw7zdonny431gb1bfcr0orm5bxc0l05.pdf
file_2.xlsx,10,synthetic_new_unanswered,Обязательно ли вызывать скорую помощь при температуре 39 градусов у ребенка без других симптомов?,Клинические рекомендации (протокол) по оказанию скорой медицинской помощи при острой лихорадке у детей   https://pediatr-club.ru/upload/iblock/aed/5vw7zdonny431gb1bfcr0orm5bxc0l05.pdf
file_2.xlsx,10,synthetic_new_unanswered,"Через какое время после повышения температуры у ребенка следует обратиться к врачу, если нет других тревожных симптомов?",Клинические рекомендации (протокол) по оказанию скорой медицинской помощи при острой лихорадке у детей   https://pediatr-club.ru/upload/iblock/aed/5vw7zdonny431gb1bfcr0orm5bxc0l05.pdf
file_2.xlsx,11,original,Какие льготные лекарства положены ребенку первого года жизни?,постановление Правительства Российской Федерации от 30.07.1994 № 890   http://government.ru/docs/all/11699/
file_2.xlsx,11,synthetic_new_unanswered,"Какие условия нужно выполнить, чтобы получить льготные лекарства для ребенка в возрасте до одного года?",постановление Правительства Российской Федерации от 30.07.1994 № 890   http://government.ru/docs/all/11699/
file_2.xlsx,11,synthetic_new_unanswered,"Можно ли получить бесплатные лекарства для новорожденных, если родители не являются постоянными жителями региона?",постановление Правительства Российской Федерации от 30.07.1994 № 890   http://government.ru/docs/all/11699/
file_2.xlsx,11,synthetic_new_unanswered,Какие документы требуются для оформления льготных медикаментов для малыша первого года жизни?,постановление Правительства Российской Федерации от 30.07.1994 № 890   http://government.ru/docs/all/11699/
file_2.xlsx,11,synthetic_new_unanswered,"Существуют ли ограничения по списку лекарств, которые можно получить бесплатно или со льготой для ребенка до года?",постановление Правительства Российской Федерации от 30.07.1994 № 890   http://government.ru/docs/all/11699/
file_2.xlsx,11,synthetic_new_unanswered,Какой порядок получения льготных лекарств для ребенка в случае госпитализации или стационарного лечения?,постановление Правительства Российской Федерации от 30.07.1994 № 890   http://government.ru/docs/all/11699/
file_2.xlsx,12,original,"Как подготовить ребенка к УЗИ брюшной полости, которое проводят в первый месяц жизни?","Учебно-методическое пособие ""Ультразвуковая диагностика в детской практике"", 2008 г. Авторы: А.Ю. Васильев, Е.Б. Ольхова  https://jasulib.org.kg/wp-content/uploads/2022/07/5.-%D0%92%D0%B0%D1%81%D0%B8%D0%BB%D1%8C%D0%B5%D0%B2%D0%B0-%D0%90.%D0%AE.%D0%A3%D0%BB%D1%8C%D1%82%D1%80%D0%B0%D0%B7%D0%B2%D1%83%D0%BA%D0%BE%D0%B2%D0%B0%D1%8F-%D0%B4%D0%B8%D0%B0%D0%B3%D0%BD%D0%BE%D1%81%D1%82%D0%B8%D0%BA%D0%B0-%D0%B2-%D0%B4%D0%B5%D1%82%D1%81%D0%BA%D0%BE%D0%B9-%D0%BF%D1%80%D0%B0%D0%BA%D1%82%D0%B8%D0%BA%D0%B5-2008.pdf   "
file_2.xlsx,12,synthetic_new_unanswered,Какие рекомендации по подготовке ребенка к УЗИ брюшной полости в возрасте до месяца для минимизации его беспокойства?,"Учебно-методическое пособие ""Ультразвуковая диагностика в детской практике"", 2008 г. Авторы: А.Ю. Васильев, Е.Б. Ольхова  https://jasulib.org.kg/wp-content/uploads/2022/07/5.-%D0%92%D0%B0%D1%81%D0%B8%D0%BB%D1%8C%D0%B5%D0%B2%D0%B0-%D0%90.%D0%AE.%D0%A3%D0%BB%D1%8C%D1%82%D1%80%D0%B0%D0%B7%D0%B2%D1%83%D0%BA%D0%BE%D0%B2%D0%B0%D1%8F-%D0%B4%D0%B8%D0%B0%D0%B3%D0%BD%D0%BE%D1%81%D1%82%D0%B8%D0%BA%D0%B0-%D0%B2-%D0%B4%D0%B5%D1%82%D1%81%D0%BA%D0%BE%D0%B9-%D0%BF%D1%80%D0%B0%D0%BA%D1%82%D0%B8%D0%BA%D0%B5-2008.pdf   "
file_2.xlsx,12,synthetic_new_unanswered,Можно ли давать ребенку перед УЗИ брюшной полости какие-либо препараты для уменьшения газообразования или для улучшения качества изображения?,"Учебно-методическое пособие ""Ультразвуковая диагностика в детской практике"", 2008 г. Авторы: А.Ю. Васильев, Е.Б. Ольхова  https://jasulib.org.kg/wp-content/uploads/2022/07/5.-%D0%92%D0%B0%D1%81%D0%B8%D0%BB%D1%8C%D0%B5%D0%B2%D0%B0-%D0%90.%D0%AE.%D0%A3%D0%BB%D1%8C%D1%82%D1%80%D0%B0%D0%B7%D0%B2%D1%83%D0%BA%D0%BE%D0%B2%D0%B0%D1%8F-%D0%B4%D0%B8%D0%B0%D0%B3%D0%BD%D0%BE%D1%81%D1%82%D0%B8%D0%BA%D0%B0-%D0%B2-%D0%B4%D0%B5%D1%82%D1%81%D0%BA%D0%BE%D0%B9-%D0%BF%D1%80%D0%B0%D0%BA%D1%82%D0%B8%D0%BA%D0%B5-2008.pdf   "
file_2.xlsx,12,synthetic_new_unanswered,Насколько важно соблюдать определённый режим питания перед первым УЗИ брюшной полости у новорожденного и какие конкретно ограничения существуют?,"Учебно-методическое пособие ""Ультразвуковая диагностика в детской практике"", 2008 г. Авторы: А.Ю. Васильев, Е.Б. Ольхова  https://jasulib.org.kg/wp-content/uploads/2022/07/5.-%D0%92%D0%B0%D1%81%D0%B8%D0%BB%D1%8C%D0%B5%D0%B2%D0%B0-%D0%90.%D0%AE.%D0%A3%D0%BB%D1%8C%D1%82%D1%80%D0%B0%D0%B7%D0%B2%D1%83%D0%BA%D0%BE%D0%B2%D0%B0%D1%8F-%D0%B4%D0%B8%D0%B0%D0%B3%D0%BD%D0%BE%D1%81%D1%82%D0%B8%D0%BA%D0%B0-%D0%B2-%D0%B4%D0%B5%D1%82%D1%81%D0%BA%D0%BE%D0%B9-%D0%BF%D1%80%D0%B0%D0%BA%D1%82%D0%B8%D0%BA%D0%B5-2008.pdf   "
file_2.xlsx,12,synthetic_new_unanswered,Какие признаки или симптомы у ребенка могут повлиять на необходимость или особенности проведения УЗИ брюшной полости в первый месяц жизни?,"Учебно-методическое пособие ""Ультразвуковая диагностика в детской практике"", 2008 г. Авторы: А.Ю. Васильев, Е.Б. Ольхова  https://jasulib.org.kg/wp-content/uploads/2022/07/5.-%D0%92%D0%B0%D1%81%D0%B8%D0%BB%D1%8C%D0%B5%D0%B2%D0%B0-%D0%90.%D0%AE.%D0%A3%D0%BB%D1%8C%D1%82%D1%80%D0%B0%D0%B7%D0%B2%D1%83%D0%BA%D0%BE%D0%B2%D0%B0%D1%8F-%D0%B4%D0%B8%D0%B0%D0%B3%D0%BD%D0%BE%D1%81%D1%82%D0%B8%D0%BA%D0%B0-%D0%B2-%D0%B4%D0%B5%D1%82%D1%81%D0%BA%D0%BE%D0%B9-%D0%BF%D1%80%D0%B0%D0%BA%D1%82%D0%B8%D0%BA%D0%B5-2008.pdf   "
file_2.xlsx,12,synthetic_new_unanswered,"Каковы сроки и особенности повторных исследований брюшной полости у новорожденных, если первая диагностика выявила отклонения?","Учебно-методическое пособие ""Ультразвуковая диагностика в детской практике"", 2008 г. Авторы: А.Ю. Васильев, Е.Б. Ольхова  https://jasulib.org.kg/wp-content/uploads/2022/07/5.-%D0%92%D0%B0%D1%81%D0%B8%D0%BB%D1%8C%D0%B5%D0%B2%D0%B0-%D0%90.%D0%AE.%D0%A3%D0%BB%D1%8C%D1%82%D1%80%D0%B0%D0%B7%D0%B2%D1%83%D0%BA%D0%BE%D0%B2%D0%B0%D1%8F-%D0%B4%D0%B8%D0%B0%D0%B3%D0%BD%D0%BE%D1%81%D1%82%D0%B8%D0%BA%D0%B0-%D0%B2-%D0%B4%D0%B5%D1%82%D1%81%D0%BA%D0%BE%D0%B9-%D0%BF%D1%80%D0%B0%D0%BA%D1%82%D0%B8%D0%BA%D0%B5-2008.pdf   "
file_2.xlsx,13,original,nan,
file_2.xlsx,13,synthetic_new_unanswered,Какие документы необходимы для подачи заявления о смене имени?,
file_2.xlsx,13,synthetic_new_unanswered,Каковы сроки рассмотрения заявления о смене фамилии в суде?,
file_2.xlsx,13,synthetic_new_unanswered,Можно ли изменить имя после достижения совершеннолетия без согласия родителей?,
file_2.xlsx,13,synthetic_new_unanswered,Какие ограничения существуют при выборе нового имени и фамилии для регистрации?,
file_2.xlsx,13,synthetic_new_unanswered,Какой порядок оформления смены имени при наличии судебных обвинений или ограничений?,
file_2.xlsx,14,original,nan,
file_2.xlsx,14,synthetic_new_unanswered,Какие документы необходимо подготовить для оформления наследства?,
file_2.xlsx,14,synthetic_new_unanswered,"Можно ли оформить наследство, если имеются неоплаченные долги наследодателя?",
file_2.xlsx,14,synthetic_new_unanswered,Каковы сроки возбуждения наследственного дела после открытия наследства?,
file_2.xlsx,14,synthetic_new_unanswered,"Что делать, если наследники не могут договориться о распределении наследства?",
file_2.xlsx,14,synthetic_new_unanswered,Какие ограничения есть для наследования имущества при наличии ограничений по правоспособности наследника?,
file_2.xlsx,15,original,nan,
file_2.xlsx,15,synthetic_new_unanswered,"Какие документы необходимо подготовить для оформления наследства, если завещание отсутствует?",
file_2.xlsx,15,synthetic_new_unanswered,Каковы сроки подачи заявления о наследовании через суд?,
file_2.xlsx,15,synthetic_new_unanswered,"Можно ли получить наследство,если один из наследников отказывается от своей доли?",
file_2.xlsx,15,synthetic_new_unanswered,Какие ограничения по возрасту существуют для наследников в определённых случаях?,
file_2.xlsx,15,synthetic_new_unanswered,Как влияет наличие долгов наследодателя на распределение наследства?,
file_2.xlsx,16,original,nan,
file_2.xlsx,16,synthetic_new_unanswered,"Что делать, если я считаю, что мои права нарушают наши договоренности с работодателем?",
file_2.xlsx,16,synthetic_new_unanswered,Какие документы необходимо предоставить для подтверждения своих требований в суде?,
file_2.xlsx,16,synthetic_new_unanswered,Каковы сроки обращения в суд по трудовым спорам?,
file_2.xlsx,16,synthetic_new_unanswered,Можно ли получать компенсацию за моральный вред в случае нарушения трудовых прав?,
file_2.xlsx,16,synthetic_new_unanswered,"Какие действия можно предпринять, если работодатель отказывается выплатить причитающуюся заработную плату?",
file_2.xlsx,17,original,nan,
file_2.xlsx,17,synthetic_new_unanswered,Какие документы нужно подготовить для подачи заявления на гражданство?,
file_2.xlsx,17,synthetic_new_unanswered,Сколько времени занимает процесс получения гражданства после подачи всех необходимых документов?,
file_2.xlsx,17,synthetic_new_unanswered,Можно ли оформить гражданство через организацию или третье лицо?,
file_2.xlsx,17,synthetic_new_unanswered,Какие ограничения по возрасту или статусу есть для подачи заявления на гражданство?,
file_2.xlsx,17,synthetic_new_unanswered,"Что делать, если заявление на гражданство было отклонено и есть желание подать апелляцию?",
file_2.xlsx,18,original,nan,
file_2.xlsx,18,synthetic_new_unanswered,Как оформить наследство в случае отсутствия завещания?,
file_2.xlsx,18,synthetic_new_unanswered,Какие документы необходимы для вступления в наследство?,
file_2.xlsx,18,synthetic_new_unanswered,Можно ли оспорить наследственные права после его оформления?,
file_2.xlsx,18,synthetic_new_unanswered,Сколько времени занимает процесс оформления наследства?,
file_2.xlsx,18,synthetic_new_unanswered,Как действует закон о наследовании при наличии долгов у наследодателя?,
file_2.xlsx,19,original,nan,
file_2.xlsx,19,synthetic_new_unanswered,Какой порядок действий необходимо соблюдать при оформлении документов в случае отсутствия информации о личности?,
file_2.xlsx,19,synthetic_new_unanswered,"Что делать, если при подаче заявления в архиве обнаружена ошибка или несоответствие в предоставленных данных?",
file_2.xlsx,19,synthetic_new_unanswered,"Какие документы могут потребоваться, если сведения о человеке отсутствуют в базе данных?",
file_2.xlsx,19,synthetic_new_unanswered,Можно ли получить подтверждение об отсутствии данных о человеке для оформления юридических процедур?,
file_2.xlsx,19,synthetic_new_unanswered,"Каков срок обработки запроса, если в базе данных не найдено информации о заявителе?",
